{"cameraMode":{"drawMode":0,"name":"Shaded","section":"Shading Mode"},"sceneLighting":false,"audioPlay":false,"sceneViewState":{"m_AlwaysRefresh":false,"showFog":true,"showSkybox":false,"showFlares":true,"showImageEffects":true,"showParticleSystems":true,"showVisualEffectGraphs":true,"m_FxEnabled":true},"in2DMode":false,"pivot":{"x":0.14740696549415589,"y":-0.14951318502426148,"z":-1.4594168663024903},"rotation":{"x":-0.18978320062160493,"y":0.16757309436798097,"z":-0.03293394669890404,"w":-0.966973066329956},"size":1.5363237857818604,"orthographic":false}