{"cameraMode":{"drawMode":0,"name":"Shaded","section":"Shading Mode"},"sceneLighting":false,"audioPlay":false,"sceneViewState":{"m_AlwaysRefresh":false,"showFog":true,"showSkybox":false,"showFlares":true,"showImageEffects":true,"showParticleSystems":true,"showVisualEffectGraphs":true,"m_FxEnabled":true},"in2DMode":false,"pivot":{"x":-0.3978567123413086,"y":4.2292070388793949,"z":-0.15000000596046449},"rotation":{"x":-0.09234020859003067,"y":0.5167708992958069,"z":-0.05621397867798805,"w":-0.8493495583534241},"size":1.5121738910675049,"orthographic":false}