{"cameraMode":{"drawMode":0,"name":"Shaded","section":"Shading Mode"},"sceneLighting":false,"audioPlay":false,"sceneViewState":{"m_AlwaysRefresh":false,"showFog":true,"showSkybox":false,"showFlares":true,"showImageEffects":true,"showParticleSystems":true,"showVisualEffectGraphs":true,"m_FxEnabled":true},"in2DMode":false,"pivot":{"x":2.051948070526123,"y":0.46260517835617068,"z":-1.1046302318572999},"rotation":{"x":-0.18214663863182069,"y":-0.04070734605193138,"z":0.007501672953367233,"w":-0.9824922680854797},"size":1.009110927581787,"orthographic":false}