{"cameraMode":{"drawMode":0,"name":"Shaded","section":"Shading Mode"},"sceneLighting":false,"audioPlay":false,"sceneViewState":{"m_AlwaysRefresh":false,"showFog":true,"showSkybox":false,"showFlares":true,"showImageEffects":true,"showParticleSystems":true,"showVisualEffectGraphs":true,"m_FxEnabled":true},"in2DMode":false,"pivot":{"x":-0.3382624387741089,"y":0.8076267242431641,"z":-7.672832012176514},"rotation":{"x":-0.06316487491130829,"y":0.05745445191860199,"z":-0.003634421154856682,"w":-0.9963746070861816},"size":0.8660253882408142,"orthographic":false}